50009,Supp
50016,Elite
50020,Supp
50033,Elite
50034,Supp
50039,Elite
50064,Elite
50075,Credit
50112,Supp
50127,Supp
50129,Credit
50131,Supp
50134,Elite
50140,Credit
50148,Supp
50152,Supp
50160,Supp
50173,Elite
50190,Supp
50191,Credit
50202,Elite
50213,Credit
50215,Supp
50220,Elite
50245,Elite
50303,Elite
50305,Elite
50318,Elite
50323,Elite
50357,Elite
50358,Supp
50360,Supp
50390,Credit
50399,Credit
50402,Supp
50403,Supp
50418,Supp
50422,Credit
50424,Credit
50439,Credit
50442,Elite
50450,Credit
50467,Supp
50468,Elite
50476,Elite
50486,Supp
50489,Elite
50493,Supp
50507,Supp
50515,Supp
50518,Elite
50523,Elite
50557,Credit
50558,Supp
50570,Elite
50571,Credit
50585,Credit
50606,Elite
50607,Elite
50613,Supp
50630,Supp
50633,Supp
50638,Supp
50640,Elite
50644,Supp
50684,Supp
50715,Elite
50721,Credit
50722,Credit
50725,Credit
50739,Elite
50752,Supp
50764,Elite
50775,Credit
50782,Elite
50786,Credit
50790,Supp
50792,Supp
50832,Supp
50841,Supp
50864,Supp
50865,Credit
50877,Supp
50902,Credit
50904,Supp
50906,Supp
50916,Supp
50932,Supp
50947,Elite
50951,Supp
50957,Supp
50958,Elite
50964,Elite
50968,Supp
50972,Supp
50980,Elite
50990,Supp
50992,Elite
51013,Supp
51014,Elite
51029,Supp
51040,Elite
51048,Credit
51051,Supp
51075,Elite
51076,Elite
51084,Credit
51091,Elite
51092,Credit
51095,Supp
51097,Credit
51100,Elite
51109,Supp
51121,Elite
51137,Supp
51144,Credit
51152,Elite
51168,Elite
51172,Elite
51173,Credit
51175,Elite
51178,Elite
51179,Credit
51194,Supp
51207,Supp
51218,Credit
51242,Supp
51247,Elite
51248,Elite
51249,Supp
51255,Supp
51256,Credit
51269,Supp
51277,Supp
51288,Credit
51294,Supp
51300,Supp
51309,Supp
51316,Credit
51334,Supp
51350,Elite
51356,Credit
51362,Supp
51420,Elite
51423,Credit
51438,Supp
51446,Supp
51506,Supp
51507,Credit
51514,Supp
51525,Supp
51528,Credit
51533,Elite
51537,Elite
51538,Supp
51558,Credit
51582,Elite
51592,Elite
51600,Credit
51602,Elite
51610,Supp
51616,Supp
51625,Credit
51629,Supp
51636,Credit
51640,Supp
51656,Supp
51660,Supp
51680,Supp
51682,Elite
51696,Supp
51701,Credit
51705,Supp
51710,Elite
51728,Supp
51732,Supp
51737,Supp
51740,Elite
51750,Supp
51752,Credit
51754,Elite
51755,Elite
51772,Supp
51774,Credit
51779,Supp
51788,Supp
51792,Supp
51798,Supp
51827,Elite
51830,Elite
51831,Supp
51840,Credit
51846,Elite
51878,Elite
51888,Elite
51893,Credit
51905,Supp
51906,Elite
51912,Elite
51921,Supp
51933,Elite
51937,Elite
51946,Supp
51953,Credit
51955,Supp
51970,Supp
51989,Elite
51994,Credit
52014,Supp
52034,Supp
52061,Elite
52080,Elite
52090,Supp
52093,Supp
52121,Credit
52130,Supp
52156,Supp
52174,Credit
52178,Supp
52187,Supp
52189,Supp
52193,Elite
52207,Credit
52216,Supp
52220,Supp
52237,Elite
52252,Supp
52269,Credit
52275,Supp
52279,Supp
52309,Credit
52328,Supp
52329,Supp
52342,Credit
52346,Supp
52354,Credit
52355,Elite
52359,Supp
52366,Supp
52373,Supp
52400,Supp
52402,Credit
52404,Supp
52408,Elite
52431,Credit
52460,Supp
52484,Supp
52505,Elite
52508,Supp
52516,Supp
52527,Credit
52531,Credit
52548,Supp
52555,Credit
52556,Credit
52569,Credit
52574,Supp
52586,Credit
52587,Credit
52591,Credit
52612,Elite
52623,Elite
52632,Credit
52641,Elite
52653,Supp
52657,Credit
52670,Elite
52672,Elite
52674,Supp
52682,Supp
52696,Supp
52701,Supp
52726,Supp
52747,Supp
52750,Credit
52760,Supp
52762,Elite
52771,Supp
52773,Supp
52787,Elite
52803,Credit
52821,Supp
52845,Supp
52846,Supp
52853,Elite
52864,Supp
52867,Elite
52869,Supp
52882,Supp
52889,Supp
52900,Supp
52904,Supp
52915,Supp
52940,Credit
52960,Credit
52962,Credit
52963,Elite
52964,Elite
52997,Supp
53012,Supp
53019,Supp
53054,Credit
53064,Supp
53076,Supp
53090,Elite
53099,Credit
53105,Supp
53108,Credit
53113,Supp
53117,Elite
53131,Supp
53133,Supp
53154,Supp
53156,Elite
53161,Supp
53198,Elite
53214,Supp
53217,Supp
53218,Elite
53228,Elite
53229,Supp
53235,Credit
53237,Elite
53242,Supp
53249,Credit
53290,Credit
53294,Supp
53333,Elite
53347,Elite
53361,Elite
53371,Supp
53374,Elite
53389,Credit
53402,Supp
53406,Supp
53416,Elite
53420,Supp
53431,Credit
53446,Supp
53450,Supp
53452,Credit
53453,Credit
53455,Elite
53461,Elite
53471,Supp
53474,Supp
53486,Credit
53507,Elite
53514,Elite
53522,Credit
53528,Supp
53529,Supp
53544,Supp
53549,Supp
53582,Supp
53584,Supp
53585,Supp
53586,Elite
53601,Credit
53607,Supp
53608,Credit
53611,Supp
53617,Supp
53638,Credit
53643,Elite
53644,Elite
53670,Supp
53679,Credit
53687,Supp
53697,Elite
53701,Supp
53705,Elite
53717,Credit
53722,Supp
53761,Credit
53771,Supp
53775,Supp
53780,Elite
53792,Credit
53808,Supp
53830,Elite
53843,Elite
53859,Supp
53866,Supp
53867,Supp
53874,Elite
53882,Elite
53884,Elite
53887,Supp
53912,Supp
53918,Supp
53922,Supp
53966,Credit
53988,Supp
53990,Elite
54034,Supp
54045,Supp
54054,Elite
54060,Supp
54061,Supp
54062,Supp
54078,Supp
54080,Supp
54096,Elite
54101,Supp
54108,Elite
54112,Supp
54147,Elite
54173,Supp
54185,Elite
54196,Elite
54220,Elite
54223,Supp
54233,Credit
54238,Elite
54244,Credit
54246,Supp
54251,Supp
54258,Supp
54265,Elite
54307,Credit
54315,Credit
54317,Supp
54326,Credit
54327,Supp
54343,Credit
54351,Supp
54362,Supp
54365,Supp
54379,Credit
54381,Elite
54387,Supp
54398,Supp
54405,Supp
54418,Credit
54432,Supp
54444,Supp
54450,Supp
54457,Supp
54464,Supp
54490,Supp
54492,Credit
54513,Supp
54517,Credit
54520,Elite
54522,Elite
54523,Credit
54525,Supp
54529,Elite
54532,Credit
54537,Supp
54552,Credit
54558,Credit
54561,Supp
54598,Supp
54604,Supp
54616,Supp
54623,Credit
54633,Elite
54639,Credit
54642,Supp
54659,Supp
54660,Credit
54666,Supp
54672,Elite
54679,Supp
54681,Supp
54682,Supp
54700,Supp
54702,Supp
54712,Supp
54717,Elite
54726,Elite
54747,Elite
54765,Supp
54777,Supp
54801,Elite
54803,Credit
54828,Elite
54829,Credit
54844,Supp
54847,Elite
54859,Credit
54862,Supp
54872,Credit
54874,Credit
54899,Credit
54900,Elite
54902,Supp
54912,Elite
54914,Elite
54915,Supp
54917,Credit
54921,Credit
54924,Credit
54927,Supp
54937,Elite
54938,Credit
54943,Elite
54945,Supp
54953,Supp
54955,Elite
54959,Supp
54970,Supp
54975,Credit
54986,Elite
54993,Supp
55015,Credit
55020,Credit
55021,Supp
55025,Credit
55035,Supp
55038,Credit
55044,Supp
55053,Credit
55056,Elite
55093,Supp
55095,Elite
55099,Credit
55101,Supp
55104,Supp
55108,Supp
55109,Supp
55129,Elite
55140,Credit
55151,Supp
55164,Elite
55168,Supp
55169,Elite
55202,Credit
55211,Supp
55214,Supp
55222,Supp
55224,Supp
55232,Supp
55244,Supp
55247,Elite
55252,Credit
55253,Supp
55270,Supp
55280,Supp
55288,Credit
55296,Elite
55297,Supp
55303,Supp
55311,Supp
55319,Supp
55329,Supp
55330,Supp
55339,Credit
55349,Elite
55369,Credit
55403,Elite
55406,Supp
55412,Credit
55425,Supp
55429,Supp
55450,Supp
55473,Supp
55474,Supp
55482,Supp
55485,Elite
55486,Supp
55494,Supp
55517,Supp
55521,Supp
55523,Supp
55525,Supp
55526,Elite
55535,Supp
55541,Supp
55551,Supp
55555,Elite
55562,Credit
55582,Supp
55584,Credit
55593,Elite
55599,Elite
55603,Supp
55604,Supp
55612,Credit
55615,Elite
55617,Supp
55621,Supp
55624,Supp
55629,Supp
55643,Credit
55645,Supp
55675,Supp
55676,Supp
55682,Credit
55699,Credit
55709,Credit
55745,Elite
55757,Elite
55760,Elite
55777,Elite
55790,Supp
55818,Supp
55830,Credit
55851,Credit
55871,Elite
55874,Supp
55879,Supp
55899,Credit
55903,Elite
55908,Supp
55919,Elite
55924,Supp
55940,Elite
55942,Credit
55948,Supp
55951,Elite
55954,Supp
55968,Supp
55971,Credit
55975,Supp
55979,Credit
55987,Credit
55993,Elite
56014,Elite
56022,Supp
56023,Elite
56038,Supp
56040,Supp
56058,Elite
56068,Supp
56072,Credit
56081,Supp
56098,Elite
56109,Elite
56122,Supp
56133,Elite
56168,Supp
56175,Supp
56189,Supp
56198,Supp
56225,Supp
56226,Supp
56243,Credit
56250,Supp
56261,Credit
56293,Supp
56295,Credit
56303,Supp
56323,Elite
56342,Supp
56354,Supp
56370,Credit
56379,Elite
56381,Supp
56385,Credit
56386,Elite
56390,Credit
56394,Credit
56414,Supp
56427,Supp
56440,Credit
56450,Supp
56461,Elite
56467,Elite
56468,Elite
56474,Elite
56498,Supp
56499,Supp
56500,Elite
56505,Elite
56524,Elite
56526,Elite
56529,Supp
56532,Supp
56534,Credit
56541,Supp
56584,Supp
56602,Credit
56618,Supp
56625,Credit
56639,Supp
56640,Credit
56649,Credit
56680,Supp
56682,Supp
56702,Credit
56710,Credit
56749,Supp
56757,Elite
56780,Credit
56794,Elite
56802,Supp
56808,Supp
56843,Supp
56849,Supp
56866,Supp
56885,Elite
56890,Supp
56896,Supp
56898,Supp
56900,Elite
56902,Supp
56903,Supp
56910,Supp
56924,Supp
56928,Credit
56936,Elite
56953,Elite
56956,Supp
56957,Credit
56970,Supp
56984,Elite
56990,Credit
57003,Elite
57016,Elite
57045,Credit
57077,Elite
57085,Supp
57090,Credit
57091,Supp
57094,Elite
57105,Elite
57125,Credit
57130,Supp
57145,Credit
57187,Credit
57191,Elite
57221,Supp
57269,Supp
57271,Supp
57278,Elite
57291,Elite
57345,Supp
57346,Credit
57363,Elite
57387,Elite
57398,Supp
57407,Credit
57417,Supp
57422,Supp
57434,Elite
57458,Elite
57462,Elite
57474,Elite
57489,Supp
57491,Credit
57493,Supp
57495,Supp
57524,Supp
57529,Credit
57532,Supp
57580,Elite
57587,Elite
57594,Supp
57615,Supp
57661,Supp
57685,Supp
57688,Credit
57690,Elite
57694,Elite
57701,Supp
57702,Elite
57712,Supp
57729,Credit
57734,Elite
57739,Supp
57756,Supp
57760,Elite
57762,Elite
57764,Supp
57766,Elite
57779,Supp
57792,Supp
57797,Elite
57799,Elite
57812,Supp
57827,Supp
57837,Credit
57850,Elite
57886,Supp
57888,Elite
57898,Supp
57899,Supp
57900,Credit
57904,Elite
57918,Supp
57924,Supp
57938,Elite
57946,Credit
57948,Supp
57954,Supp
57955,Supp
57957,Supp
57960,Supp
57966,Supp
57986,Supp
57990,Elite
58001,Elite
58013,Elite
58038,Supp
58042,Credit
58050,Elite
58060,Credit
58062,Elite
58073,Supp
58076,Supp
58082,Supp
58085,Credit
58116,Elite
58126,Supp
58129,Elite
58150,Supp
58152,Supp
58157,Supp
58158,Supp
58159,Elite
58176,Supp
58179,Elite
58184,Elite
58191,Credit
58198,Supp
58202,Elite
58205,Elite
58225,Supp
58226,Elite
58244,Elite
58247,Credit
58248,Elite
58251,Elite
58266,Supp
58272,Supp
58294,Credit
58298,Supp
58301,Supp
58302,Supp
58304,Supp
58305,Credit
58325,Supp
58331,Supp
58344,Elite
58373,Credit
58383,Supp
58387,Elite
58391,Credit
58400,Supp
58403,Supp
58411,Supp
58419,Credit
58421,Supp
58422,Supp
58423,Elite
58428,Credit
58433,Supp
58444,Elite
58445,Credit
58452,Supp
58471,Credit
58477,Supp
58492,Supp
58498,Supp
58500,Credit
58501,Elite
58505,Elite
58538,Elite
58551,Supp
58555,Supp
58580,Supp
58582,Elite
58592,Supp
58598,Credit
58611,Supp
58637,Elite
58645,Credit
58648,Supp
58649,Elite
58650,Elite
58670,Elite
58679,Supp
58690,Elite
58715,Supp
58717,Supp
58729,Elite
58742,Credit
58758,Supp
58773,Credit
58794,Elite
58796,Credit
58797,Elite
58802,Supp
58819,Supp
58820,Supp
58822,Credit
58824,Supp
58832,Elite
58838,Elite
58851,Elite
58862,Elite
58868,Credit
58887,Credit
58893,Supp
58903,Supp
58907,Credit
58910,Supp
58931,Elite
58935,Credit
58937,Supp
58944,Supp
58947,Supp
58971,Credit
58983,Credit
58985,Elite
58987,Supp
58991,Elite
58999,Supp
59004,Supp
59025,Supp
59034,Supp
59044,Supp
59046,Supp
59067,Elite
59092,Elite
59096,Supp
59098,Supp
59110,Supp
59111,Credit
59112,Supp
59117,Elite
59130,Elite
59135,Supp
59143,Elite
59159,Elite
59175,Credit
59177,Supp
59181,Elite
59215,Supp
59225,Supp
59238,Supp
59241,Supp
59246,Credit
59257,Credit
59260,Supp
59266,Credit
59269,Supp
59303,Supp
59305,Supp
59306,Credit
59316,Supp
59321,Credit
59322,Supp
59327,Elite
59332,Credit
59342,Elite
59345,Elite
59348,Elite
59352,Supp
59365,Elite
59394,Credit
59398,Credit
59402,Credit
59410,Supp
59412,Supp
59413,Elite
59414,Supp
59423,Supp
59424,Supp
59425,Credit
59429,Supp
59448,Supp
59450,Supp
59454,Supp
59478,Supp
59481,Credit
59494,Supp
59500,Credit
59504,Elite
59505,Credit
59511,Elite
59512,Supp
59525,Supp
59536,Credit
59544,Supp
59545,Elite
59548,Credit
59553,Credit
59554,Supp
59585,Supp
59596,Credit
59610,Supp
59618,Elite
59621,Credit
59626,Credit
59632,Elite
59633,Supp
59638,Credit
59646,Supp
59650,Credit
59678,Elite
59682,Supp
59684,Credit
59689,Elite
59709,Supp
59710,Elite
59723,Credit
